Paso,Timestamp,Movimiento,Posicion
1,2026-06-09 17:47:35,1,1
2,2026-06-09 17:47:35,1,2
3,2026-06-09 17:47:35,1,3
4,2026-06-09 17:47:35,3,6
5,2026-06-09 17:47:35,0,6
6,2026-06-09 17:47:36,0,6
7,2026-06-09 17:47:36,1,7
8,2026-06-09 17:47:36,2,9
9,2026-06-09 17:47:36,2,11
10,2026-06-09 17:47:36,1,12
11,2026-06-09 17:47:36,1,13
12,2026-06-09 17:47:36,1,14
13,2026-06-09 17:47:36,1,15
14,2026-06-09 17:47:36,0,15
15,2026-06-09 17:47:36,2,17
16,2026-06-09 17:47:37,2,19
17,2026-06-09 17:47:37,1,20
18,2026-06-09 17:47:37,-1,19
19,2026-06-09 17:47:37,2,21
20,2026-06-09 17:47:37,-1,20
21,2026-06-09 17:47:37,1,21
22,2026-06-09 17:47:37,1,22
23,2026-06-09 17:47:37,3,25
24,2026-06-09 17:47:37,2,27
25,2026-06-09 17:47:37,2,29
26,2026-06-09 17:47:38,0,29
27,2026-06-09 17:47:38,-1,28
28,2026-06-09 17:47:38,0,28
29,2026-06-09 17:47:38,1,29
30,2026-06-09 17:47:38,2,31
31,2026-06-09 17:47:38,0,31
32,2026-06-09 17:47:38,1,32
33,2026-06-09 17:47:38,2,34
34,2026-06-09 17:47:38,2,36
35,2026-06-09 17:47:38,2,38
36,2026-06-09 17:47:39,2,40
37,2026-06-09 17:47:39,1,41
38,2026-06-09 17:47:39,0,41
39,2026-06-09 17:47:39,1,42
40,2026-06-09 17:47:39,0,42
41,2026-06-09 17:47:39,2,44
42,2026-06-09 17:47:39,0,44
43,2026-06-09 17:47:39,0,44
44,2026-06-09 17:47:39,0,44
45,2026-06-09 17:47:40,3,47
46,2026-06-09 17:47:40,1,48
47,2026-06-09 17:47:40,2,50
48,2026-06-09 17:47:40,0,50
49,2026-06-09 17:47:40,1,51
50,2026-06-09 17:47:40,-20,31
51,2026-06-09 17:47:40,0,31
52,2026-06-09 17:47:40,1,32
53,2026-06-09 17:47:40,2,34
54,2026-06-09 17:47:40,2,36
55,2026-06-09 17:47:41,-1,35
56,2026-06-09 17:47:41,1,36
57,2026-06-09 17:47:41,2,38
58,2026-06-09 17:47:41,0,38
59,2026-06-09 17:47:41,2,40
60,2026-06-09 17:47:41,2,42
61,2026-06-09 17:47:41,0,42
62,2026-06-09 17:47:41,1,43
63,2026-06-09 17:47:41,-1,42
64,2026-06-09 17:47:41,3,45
65,2026-06-09 17:47:42,2,47
66,2026-06-09 17:47:42,2,49
67,2026-06-09 17:47:42,2,51
68,2026-06-09 17:47:42,1,52
69,2026-06-09 17:47:42,1,53
70,2026-06-09 17:47:42,-1,52
71,2026-06-09 17:47:42,2,54
72,2026-06-09 17:47:42,2,56
73,2026-06-09 17:47:42,-1,55
74,2026-06-09 17:47:42,2,57
75,2026-06-09 17:47:43,2,59
76,2026-06-09 17:47:43,0,59
77,2026-06-09 17:47:43,1,60
78,2026-06-09 17:47:43,-1,59
79,2026-06-09 17:47:43,2,61
80,2026-06-09 17:47:43,2,63
81,2026-06-09 17:47:43,0,63
82,2026-06-09 17:47:43,3,66
83,2026-06-09 17:47:43,0,66
84,2026-06-09 17:47:43,1,67
85,2026-06-09 17:47:44,2,69
86,2026-06-09 17:47:44,2,71
87,2026-06-09 17:47:44,2,73
88,2026-06-09 17:47:44,2,75
89,2026-06-09 17:47:44,0,75
90,2026-06-09 17:47:44,3,78
91,2026-06-09 17:47:44,0,78
92,2026-06-09 17:47:44,0,78
93,2026-06-09 17:47:44,2,80
94,2026-06-09 17:47:44,2,82
95,2026-06-09 17:47:45,3,85
96,2026-06-09 17:47:45,2,87
97,2026-06-09 17:47:45,2,89
98,2026-06-09 17:47:45,0,89
99,2026-06-09 17:47:45,-20,69
100,2026-06-09 17:47:45,0,69
101,2026-06-09 17:47:45,1,70
102,2026-06-09 17:47:45,0,70
103,2026-06-09 17:47:45,2,72
104,2026-06-09 17:47:45,2,74
105,2026-06-09 17:47:46,1,75
106,2026-06-09 17:47:46,0,75
107,2026-06-09 17:47:46,2,77
108,2026-06-09 17:47:46,0,77
109,2026-06-09 17:47:46,2,79
110,2026-06-09 17:47:46,1,80
111,2026-06-09 17:47:46,0,80
112,2026-06-09 17:47:46,0,80
113,2026-06-09 17:47:46,-1,79
114,2026-06-09 17:47:46,2,81
115,2026-06-09 17:47:47,0,81
116,2026-06-09 17:47:47,2,83
117,2026-06-09 17:47:47,2,85
118,2026-06-09 17:47:47,1,86
119,2026-06-09 17:47:47,1,87
120,2026-06-09 17:47:47,1,88
121,2026-06-09 17:47:47,1,89
122,2026-06-09 17:47:47,1,90
123,2026-06-09 17:47:47,2,92
124,2026-06-09 17:47:47,2,94
125,2026-06-09 17:47:48,2,96
126,2026-06-09 17:47:48,1,97
127,2026-06-09 17:47:48,2,99
128,2026-06-09 17:47:48,0,99
129,2026-06-09 17:47:48,2,101
130,2026-06-09 17:47:48,2,103
131,2026-06-09 17:47:48,-1,102
132,2026-06-09 17:47:48,-1,101
133,2026-06-09 17:47:48,2,103
134,2026-06-09 17:47:49,1,104
135,2026-06-09 17:47:49,1,105
136,2026-06-09 17:47:49,0,105
137,2026-06-09 17:47:49,1,106
138,2026-06-09 17:47:49,1,107
139,2026-06-09 17:47:49,1,108
140,2026-06-09 17:47:49,2,110
141,2026-06-09 17:47:49,1,111
142,2026-06-09 17:47:49,1,112
143,2026-06-09 17:47:49,1,113
144,2026-06-09 17:47:50,1,114
145,2026-06-09 17:47:50,1,115
146,2026-06-09 17:47:50,1,116
147,2026-06-09 17:47:50,1,117
148,2026-06-09 17:47:50,0,117
149,2026-06-09 17:47:50,0,117
150,2026-06-09 17:47:50,2,119
151,2026-06-09 17:47:50,2,121
152,2026-06-09 17:47:50,2,123
153,2026-06-09 17:47:50,2,125
154,2026-06-09 17:47:51,0,125
155,2026-06-09 17:47:51,1,126
156,2026-06-09 17:47:51,0,126
157,2026-06-09 17:47:51,2,128
158,2026-06-09 17:47:51,0,128
159,2026-06-09 17:47:51,1,129
160,2026-06-09 17:47:51,0,129
161,2026-06-09 17:47:51,0,129
162,2026-06-09 17:47:51,0,129
163,2026-06-09 17:47:51,1,130
164,2026-06-09 17:47:52,0,130
165,2026-06-09 17:47:52,1,131
166,2026-06-09 17:47:52,0,131
167,2026-06-09 17:47:52,0,131
168,2026-06-09 17:47:52,-1,130
169,2026-06-09 17:47:52,0,130
170,2026-06-09 17:47:52,1,131
171,2026-06-09 17:47:52,2,133
172,2026-06-09 17:47:52,0,133
173,2026-06-09 17:47:52,3,136
174,2026-06-09 17:47:53,0,136
175,2026-06-09 17:47:53,1,137
176,2026-06-09 17:47:53,3,140
177,2026-06-09 17:47:53,1,141
178,2026-06-09 17:47:53,1,142
179,2026-06-09 17:47:53,2,144
180,2026-06-09 17:47:53,0,144
181,2026-06-09 17:47:53,1,145
182,2026-06-09 17:47:53,-1,144
183,2026-06-09 17:47:54,2,146
184,2026-06-09 17:47:54,0,146
185,2026-06-09 17:47:54,1,147
186,2026-06-09 17:47:54,2,149
187,2026-06-09 17:47:54,0,149
188,2026-06-09 17:47:54,-1,148
189,2026-06-09 17:47:54,-1,147
190,2026-06-09 17:47:54,0,147
191,2026-06-09 17:47:54,2,149
192,2026-06-09 17:47:54,3,152
193,2026-06-09 17:47:55,2,154
194,2026-06-09 17:47:55,-1,153
195,2026-06-09 17:47:55,3,156
196,2026-06-09 17:47:55,1,157
197,2026-06-09 17:47:55,0,157
198,2026-06-09 17:47:55,2,159
199,2026-06-09 17:47:55,-1,158
200,2026-06-09 17:47:55,2,160
201,2026-06-09 17:47:55,2,162
202,2026-06-09 17:47:55,0,162
203,2026-06-09 17:47:56,-20,142
204,2026-06-09 17:47:56,-1,141
205,2026-06-09 17:47:56,2,143
206,2026-06-09 17:47:56,0,143
207,2026-06-09 17:47:56,0,143
208,2026-06-09 17:47:56,1,144
209,2026-06-09 17:47:56,2,146
210,2026-06-09 17:47:56,1,147
211,2026-06-09 17:47:56,3,150
212,2026-06-09 17:47:56,0,150
213,2026-06-09 17:47:57,0,150
214,2026-06-09 17:47:57,3,153
215,2026-06-09 17:47:57,1,154
216,2026-06-09 17:47:57,3,157
217,2026-06-09 17:47:57,0,157
218,2026-06-09 17:47:57,0,157
219,2026-06-09 17:47:57,1,158
220,2026-06-09 17:47:57,2,160
221,2026-06-09 17:47:57,1,161
222,2026-06-09 17:47:57,2,163
223,2026-06-09 17:47:58,1,164
224,2026-06-09 17:47:58,1,165
225,2026-06-09 17:47:58,1,166
226,2026-06-09 17:47:58,-1,165
227,2026-06-09 17:47:58,2,167
228,2026-06-09 17:47:58,1,168
229,2026-06-09 17:47:58,1,169
230,2026-06-09 17:47:58,1,170
231,2026-06-09 17:47:58,2,172
232,2026-06-09 17:47:58,2,174
233,2026-06-09 17:47:59,2,176
234,2026-06-09 17:47:59,0,176
235,2026-06-09 17:47:59,0,176
236,2026-06-09 17:47:59,1,177
237,2026-06-09 17:47:59,0,177
238,2026-06-09 17:47:59,1,178
239,2026-06-09 17:47:59,1,179
240,2026-06-09 17:47:59,2,181
241,2026-06-09 17:47:59,1,182
242,2026-06-09 17:47:59,2,184
243,2026-06-09 17:48:00,0,184
244,2026-06-09 17:48:00,0,184
245,2026-06-09 17:48:00,0,184
246,2026-06-09 17:48:00,0,184
247,2026-06-09 17:48:00,0,184
248,2026-06-09 17:48:00,1,185
249,2026-06-09 17:48:00,2,187
250,2026-06-09 17:48:00,0,187
251,2026-06-09 17:48:00,1,188
252,2026-06-09 17:48:00,0,188
253,2026-06-09 17:48:01,2,190
254,2026-06-09 17:48:01,0,190
255,2026-06-09 17:48:01,0,190
256,2026-06-09 17:48:01,2,192
257,2026-06-09 17:48:01,2,194
258,2026-06-09 17:48:01,1,195
259,2026-06-09 17:48:01,-1,194
260,2026-06-09 17:48:01,2,196
261,2026-06-09 17:48:01,2,198
262,2026-06-09 17:48:02,2,200
263,2026-06-09 17:48:02,1,201
264,2026-06-09 17:48:02,-1,200
265,2026-06-09 17:48:02,1,201
266,2026-06-09 17:48:02,2,203
267,2026-06-09 17:48:02,2,205
268,2026-06-09 17:48:02,-1,204
269,2026-06-09 17:48:02,0,204
270,2026-06-09 17:48:02,0,204
271,2026-06-09 17:48:02,-1,203
272,2026-06-09 17:48:02,0,203
273,2026-06-09 17:48:03,1,204
274,2026-06-09 17:48:03,1,205
275,2026-06-09 17:48:03,2,207
276,2026-06-09 17:48:03,0,207
277,2026-06-09 17:48:03,3,210
278,2026-06-09 17:48:03,1,211
279,2026-06-09 17:48:03,0,211
280,2026-06-09 17:48:03,-1,210
281,2026-06-09 17:48:03,2,212
282,2026-06-09 17:48:04,1,213
283,2026-06-09 17:48:04,1,214
284,2026-06-09 17:48:04,1,215
285,2026-06-09 17:48:04,2,217
286,2026-06-09 17:48:04,2,219
287,2026-06-09 17:48:04,0,219
288,2026-06-09 17:48:04,2,221
289,2026-06-09 17:48:04,2,223
290,2026-06-09 17:48:04,3,226
291,2026-06-09 17:48:04,-1,225
292,2026-06-09 17:48:05,2,227
293,2026-06-09 17:48:05,1,228
294,2026-06-09 17:48:05,1,229
295,2026-06-09 17:48:05,0,229
296,2026-06-09 17:48:05,1,230
297,2026-06-09 17:48:05,2,232
298,2026-06-09 17:48:05,3,235
299,2026-06-09 17:48:05,1,236
300,2026-06-09 17:48:05,2,238
301,2026-06-09 17:48:05,0,238
302,2026-06-09 17:48:06,2,240
303,2026-06-09 17:48:06,2,242
304,2026-06-09 17:48:06,1,243
305,2026-06-09 17:48:06,1,244
306,2026-06-09 17:48:06,1,245
307,2026-06-09 17:48:06,0,245
308,2026-06-09 17:48:06,2,247
309,2026-06-09 17:48:06,2,249
310,2026-06-09 17:48:06,1,250
311,2026-06-09 17:48:06,0,250
312,2026-06-09 17:48:07,1,251
313,2026-06-09 17:48:07,2,253
314,2026-06-09 17:48:07,3,256
315,2026-06-09 17:48:07,3,259
316,2026-06-09 17:48:07,2,261
317,2026-06-09 17:48:07,2,263
318,2026-06-09 17:48:07,1,264
319,2026-06-09 17:48:07,2,266
320,2026-06-09 17:48:07,1,267
321,2026-06-09 17:48:07,1,268
322,2026-06-09 17:48:08,2,270
323,2026-06-09 17:48:08,-20,250
324,2026-06-09 17:48:08,2,252
325,2026-06-09 17:48:08,0,252
326,2026-06-09 17:48:08,-1,251
327,2026-06-09 17:48:08,2,253
328,2026-06-09 17:48:08,1,254
329,2026-06-09 17:48:08,1,255
330,2026-06-09 17:48:08,-1,254
331,2026-06-09 17:48:09,1,255
332,2026-06-09 17:48:09,0,255
333,2026-06-09 17:48:09,0,255
334,2026-06-09 17:48:09,2,257
335,2026-06-09 17:48:09,2,259
336,2026-06-09 17:48:09,0,259
337,2026-06-09 17:48:09,2,261
338,2026-06-09 17:48:09,2,263
339,2026-06-09 17:48:09,2,265
340,2026-06-09 17:48:09,0,265
341,2026-06-09 17:48:10,1,266
342,2026-06-09 17:48:10,2,268
343,2026-06-09 17:48:10,0,268
344,2026-06-09 17:48:10,1,269
345,2026-06-09 17:48:10,0,269
346,2026-06-09 17:48:10,2,271
347,2026-06-09 17:48:10,0,271
348,2026-06-09 17:48:10,0,271
349,2026-06-09 17:48:10,0,271
350,2026-06-09 17:48:10,-1,270
351,2026-06-09 17:48:11,0,270
352,2026-06-09 17:48:11,2,272
353,2026-06-09 17:48:11,1,273
354,2026-06-09 17:48:11,2,275
355,2026-06-09 17:48:11,1,276
356,2026-06-09 17:48:11,1,277
357,2026-06-09 17:48:11,1,278
358,2026-06-09 17:48:11,0,278
359,2026-06-09 17:48:11,-20,258
360,2026-06-09 17:48:11,1,259
361,2026-06-09 17:48:12,3,262
362,2026-06-09 17:48:12,1,263
363,2026-06-09 17:48:12,2,265
364,2026-06-09 17:48:12,1,266
365,2026-06-09 17:48:12,-1,265
366,2026-06-09 17:48:12,-20,245
367,2026-06-09 17:48:12,2,247
368,2026-06-09 17:48:12,0,247
369,2026-06-09 17:48:12,0,247
370,2026-06-09 17:48:12,0,247
371,2026-06-09 17:48:13,1,248
372,2026-06-09 17:48:13,1,249
373,2026-06-09 17:48:13,1,250
374,2026-06-09 17:48:13,2,252
375,2026-06-09 17:48:13,3,255
376,2026-06-09 17:48:13,2,257
377,2026-06-09 17:48:13,1,258
378,2026-06-09 17:48:13,-20,238
379,2026-06-09 17:48:13,3,241
380,2026-06-09 17:48:14,1,242
381,2026-06-09 17:48:14,0,242
382,2026-06-09 17:48:14,2,244
383,2026-06-09 17:48:14,0,244
384,2026-06-09 17:48:14,3,247
385,2026-06-09 17:48:14,1,248
386,2026-06-09 17:48:14,1,249
387,2026-06-09 17:48:14,1,250
388,2026-06-09 17:48:14,1,251
389,2026-06-09 17:48:14,-20,231
390,2026-06-09 17:48:15,2,233
391,2026-06-09 17:48:15,0,233
392,2026-06-09 17:48:15,-1,232
393,2026-06-09 17:48:15,1,233
394,2026-06-09 17:48:15,-1,232
395,2026-06-09 17:48:15,0,232
396,2026-06-09 17:48:15,2,234
397,2026-06-09 17:48:15,2,236
398,2026-06-09 17:48:15,1,237
399,2026-06-09 17:48:15,0,237
400,2026-06-09 17:48:16,1,238
401,2026-06-09 17:48:16,1,239
402,2026-06-09 17:48:16,1,240
403,2026-06-09 17:48:16,1,241
404,2026-06-09 17:48:16,1,242
405,2026-06-09 17:48:16,1,243
406,2026-06-09 17:48:16,2,245
407,2026-06-09 17:48:16,1,246
408,2026-06-09 17:48:16,2,248
409,2026-06-09 17:48:16,-1,247
410,2026-06-09 17:48:17,3,250
411,2026-06-09 17:48:17,2,252
412,2026-06-09 17:48:17,2,254
413,2026-06-09 17:48:17,1,255
414,2026-06-09 17:48:17,1,256
415,2026-06-09 17:48:17,2,258
416,2026-06-09 17:48:17,2,260
417,2026-06-09 17:48:17,2,262
418,2026-06-09 17:48:17,0,262
419,2026-06-09 17:48:17,1,263
420,2026-06-09 17:48:18,2,265
421,2026-06-09 17:48:18,0,265
422,2026-06-09 17:48:18,2,267
423,2026-06-09 17:48:18,-1,266
424,2026-06-09 17:48:18,3,269
425,2026-06-09 17:48:18,0,269
426,2026-06-09 17:48:18,2,271
427,2026-06-09 17:48:18,2,273
428,2026-06-09 17:48:18,-1,272
429,2026-06-09 17:48:18,1,273
430,2026-06-09 17:48:19,1,274
431,2026-06-09 17:48:19,1,275
432,2026-06-09 17:48:19,2,277
433,2026-06-09 17:48:19,3,280
434,2026-06-09 17:48:19,0,280
435,2026-06-09 17:48:19,2,282
436,2026-06-09 17:48:19,0,282
437,2026-06-09 17:48:19,1,283
438,2026-06-09 17:48:19,0,283
439,2026-06-09 17:48:19,1,284
440,2026-06-09 17:48:20,2,286
441,2026-06-09 17:48:20,2,288
442,2026-06-09 17:48:20,2,290
443,2026-06-09 17:48:20,-1,289
444,2026-06-09 17:48:20,3,292
445,2026-06-09 17:48:20,0,292
446,2026-06-09 17:48:20,0,292
447,2026-06-09 17:48:20,2,294
448,2026-06-09 17:48:20,1,295
449,2026-06-09 17:48:21,2,297
450,2026-06-09 17:48:21,0,297
451,2026-06-09 17:48:21,1,298
452,2026-06-09 17:48:21,2,300
453,2026-06-09 17:48:21,1,301
454,2026-06-09 17:48:21,0,301
455,2026-06-09 17:48:21,0,301
456,2026-06-09 17:48:21,2,303
457,2026-06-09 17:48:21,1,304
458,2026-06-09 17:48:21,1,305
459,2026-06-09 17:48:22,1,306
460,2026-06-09 17:48:22,-1,305
461,2026-06-09 17:48:22,2,307
462,2026-06-09 17:48:22,3,310
463,2026-06-09 17:48:22,2,312
464,2026-06-09 17:48:22,2,314
465,2026-06-09 17:48:22,0,314
466,2026-06-09 17:48:22,0,314
467,2026-06-09 17:48:22,2,316
468,2026-06-09 17:48:22,1,317
469,2026-06-09 17:48:23,3,320
470,2026-06-09 17:48:23,1,321
471,2026-06-09 17:48:23,2,323
472,2026-06-09 17:48:23,0,323
473,2026-06-09 17:48:23,1,324
474,2026-06-09 17:48:23,-1,323
475,2026-06-09 17:48:23,1,324
476,2026-06-09 17:48:23,2,326
477,2026-06-09 17:48:23,2,328
478,2026-06-09 17:48:23,0,328
479,2026-06-09 17:48:24,2,330
480,2026-06-09 17:48:24,1,331
481,2026-06-09 17:48:24,1,332
482,2026-06-09 17:48:24,1,333
483,2026-06-09 17:48:24,0,333
484,2026-06-09 17:48:24,2,335
485,2026-06-09 17:48:24,2,337
486,2026-06-09 17:48:24,1,338
487,2026-06-09 17:48:24,1,339
488,2026-06-09 17:48:24,0,339
489,2026-06-09 17:48:25,2,341
490,2026-06-09 17:48:25,1,342
491,2026-06-09 17:48:25,0,342
492,2026-06-09 17:48:25,2,344
493,2026-06-09 17:48:25,0,344
494,2026-06-09 17:48:25,-1,343
495,2026-06-09 17:48:25,1,344
496,2026-06-09 17:48:25,1,345
497,2026-06-09 17:48:25,-1,344
498,2026-06-09 17:48:26,0,344
499,2026-06-09 17:48:26,1,345
500,2026-06-09 17:48:26,-1,344
501,2026-06-09 17:48:26,1,345
502,2026-06-09 17:48:26,1,346
503,2026-06-09 17:48:26,1,347
504,2026-06-09 17:48:26,0,347
505,2026-06-09 17:48:26,1,348
506,2026-06-09 17:48:26,1,349
507,2026-06-09 17:48:26,2,351
508,2026-06-09 17:48:27,1,352
509,2026-06-09 17:48:27,3,355
510,2026-06-09 17:48:27,2,357
511,2026-06-09 17:48:27,1,358
512,2026-06-09 17:48:27,2,360
513,2026-06-09 17:48:27,2,362
514,2026-06-09 17:48:27,1,363
515,2026-06-09 17:48:27,3,366
516,2026-06-09 17:48:27,1,367
517,2026-06-09 17:48:27,-1,366
518,2026-06-09 17:48:28,1,367
519,2026-06-09 17:48:28,0,367
520,2026-06-09 17:48:28,0,367
521,2026-06-09 17:48:28,0,367
522,2026-06-09 17:48:28,1,368
523,2026-06-09 17:48:28,0,368
524,2026-06-09 17:48:28,-1,367
525,2026-06-09 17:48:28,1,368
526,2026-06-09 17:48:28,1,369
527,2026-06-09 17:48:28,0,369
528,2026-06-09 17:48:29,1,370
529,2026-06-09 17:48:29,-1,369
530,2026-06-09 17:48:29,1,370
531,2026-06-09 17:48:29,2,372
532,2026-06-09 17:48:29,0,372
533,2026-06-09 17:48:29,2,374
534,2026-06-09 17:48:29,0,374
535,2026-06-09 17:48:29,1,375
536,2026-06-09 17:48:29,0,375
537,2026-06-09 17:48:30,0,375
538,2026-06-09 17:48:30,2,377
539,2026-06-09 17:48:30,2,379
540,2026-06-09 17:48:30,1,380
541,2026-06-09 17:48:30,1,381
542,2026-06-09 17:48:30,0,381
543,2026-06-09 17:48:30,2,383
544,2026-06-09 17:48:30,1,384
545,2026-06-09 17:48:30,2,386
546,2026-06-09 17:48:30,0,386
547,2026-06-09 17:48:31,-1,385
548,2026-06-09 17:48:31,1,386
549,2026-06-09 17:48:31,1,387
550,2026-06-09 17:48:31,2,389
551,2026-06-09 17:48:31,2,391
552,2026-06-09 17:48:31,0,391
553,2026-06-09 17:48:31,2,393
554,2026-06-09 17:48:31,1,394
555,2026-06-09 17:48:31,2,396
556,2026-06-09 17:48:31,2,398
557,2026-06-09 17:48:32,0,398
558,2026-06-09 17:48:32,-1,397
559,2026-06-09 17:48:32,1,398
560,2026-06-09 17:48:32,0,398
561,2026-06-09 17:48:32,1,399
562,2026-06-09 17:48:32,1,400
563,2026-06-09 17:48:32,1,401
564,2026-06-09 17:48:32,1,402
565,2026-06-09 17:48:32,1,403
566,2026-06-09 17:48:32,2,405
567,2026-06-09 17:48:33,0,405
568,2026-06-09 17:48:33,2,407
569,2026-06-09 17:48:33,-20,387
570,2026-06-09 17:48:33,2,389
571,2026-06-09 17:48:33,1,390
572,2026-06-09 17:48:33,1,391
573,2026-06-09 17:48:33,2,393
574,2026-06-09 17:48:33,1,394
575,2026-06-09 17:48:33,0,394
576,2026-06-09 17:48:33,3,397
577,2026-06-09 17:48:34,0,397
578,2026-06-09 17:48:34,2,399
579,2026-06-09 17:48:34,-1,398
580,2026-06-09 17:48:34,-1,397
581,2026-06-09 17:48:34,2,399
582,2026-06-09 17:48:34,-1,398
583,2026-06-09 17:48:34,2,400
584,2026-06-09 17:48:34,2,402
585,2026-06-09 17:48:34,-1,401
586,2026-06-09 17:48:34,-1,400
587,2026-06-09 17:48:35,1,401
588,2026-06-09 17:48:35,-1,400
589,2026-06-09 17:48:35,-1,399
590,2026-06-09 17:48:35,1,400
591,2026-06-09 17:48:35,2,402
592,2026-06-09 17:48:35,0,402
593,2026-06-09 17:48:35,-1,401
594,2026-06-09 17:48:35,0,401
595,2026-06-09 17:48:35,0,401
596,2026-06-09 17:48:35,-1,400
597,2026-06-09 17:48:36,-1,399
598,2026-06-09 17:48:36,0,399
599,2026-06-09 17:48:36,-1,398
600,2026-06-09 17:48:36,0,398
601,2026-06-09 17:48:36,1,399
602,2026-06-09 17:48:36,2,401
603,2026-06-09 17:48:36,2,403
604,2026-06-09 17:48:36,2,405
605,2026-06-09 17:48:36,0,405
606,2026-06-09 17:48:37,-1,404
607,2026-06-09 17:48:37,2,406
608,2026-06-09 17:48:37,2,408
609,2026-06-09 17:48:37,2,410
610,2026-06-09 17:48:37,1,411
611,2026-06-09 17:48:37,2,413
612,2026-06-09 17:48:37,1,414
613,2026-06-09 17:48:37,2,416
614,2026-06-09 17:48:37,1,417
615,2026-06-09 17:48:37,2,419
616,2026-06-09 17:48:38,2,421
617,2026-06-09 17:48:38,0,421
618,2026-06-09 17:48:38,1,422
619,2026-06-09 17:48:38,2,424
620,2026-06-09 17:48:38,0,424
621,2026-06-09 17:48:38,1,425
622,2026-06-09 17:48:38,0,425
623,2026-06-09 17:48:38,2,427
624,2026-06-09 17:48:38,2,429
625,2026-06-09 17:48:38,1,430
626,2026-06-09 17:48:39,2,432
627,2026-06-09 17:48:39,2,434
628,2026-06-09 17:48:39,0,434
629,2026-06-09 17:48:39,1,435
630,2026-06-09 17:48:39,2,437
631,2026-06-09 17:48:39,0,437
632,2026-06-09 17:48:39,1,438
633,2026-06-09 17:48:39,2,440
634,2026-06-09 17:48:39,0,440
635,2026-06-09 17:48:39,1,441
636,2026-06-09 17:48:40,2,443
637,2026-06-09 17:48:40,1,444
638,2026-06-09 17:48:40,0,444
639,2026-06-09 17:48:40,0,444
640,2026-06-09 17:48:40,0,444
641,2026-06-09 17:48:40,-1,443
642,2026-06-09 17:48:40,0,443
643,2026-06-09 17:48:40,1,444
644,2026-06-09 17:48:40,0,444
645,2026-06-09 17:48:41,2,446
646,2026-06-09 17:48:41,2,448
647,2026-06-09 17:48:41,1,449
648,2026-06-09 17:48:41,0,449
649,2026-06-09 17:48:41,3,452
650,2026-06-09 17:48:41,-1,451
651,2026-06-09 17:48:41,1,452
652,2026-06-09 17:48:41,1,453
653,2026-06-09 17:48:41,2,455
654,2026-06-09 17:48:41,1,456
655,2026-06-09 17:48:42,1,457
656,2026-06-09 17:48:42,3,460
657,2026-06-09 17:48:42,2,462
658,2026-06-09 17:48:42,1,463
659,2026-06-09 17:48:42,2,465
660,2026-06-09 17:48:42,1,466
661,2026-06-09 17:48:42,2,468
662,2026-06-09 17:48:42,1,469
663,2026-06-09 17:48:42,1,470
664,2026-06-09 17:48:42,-1,469
665,2026-06-09 17:48:43,2,471
666,2026-06-09 17:48:43,0,471
667,2026-06-09 17:48:43,1,472
668,2026-06-09 17:48:43,2,474
669,2026-06-09 17:48:43,1,475
670,2026-06-09 17:48:43,1,476
671,2026-06-09 17:48:43,0,476
672,2026-06-09 17:48:43,1,477
673,2026-06-09 17:48:43,2,479
674,2026-06-09 17:48:43,1,480
675,2026-06-09 17:48:44,1,481
676,2026-06-09 17:48:44,1,482
677,2026-06-09 17:48:44,2,484
678,2026-06-09 17:48:44,0,484
679,2026-06-09 17:48:44,2,486
680,2026-06-09 17:48:44,2,488
681,2026-06-09 17:48:44,2,490
682,2026-06-09 17:48:44,1,491
683,2026-06-09 17:48:44,1,492
684,2026-06-09 17:48:45,1,493
685,2026-06-09 17:48:45,1,494
686,2026-06-09 17:48:45,3,497
687,2026-06-09 17:48:45,2,499
688,2026-06-09 17:48:45,1,500
689,2026-06-09 17:48:45,2,502
690,2026-06-09 17:48:45,0,502
691,2026-06-09 17:48:45,-1,501
692,2026-06-09 17:48:45,0,501
693,2026-06-09 17:48:45,2,503
694,2026-06-09 17:48:46,0,503
695,2026-06-09 17:48:46,1,504
696,2026-06-09 17:48:46,2,506
697,2026-06-09 17:48:46,0,506
698,2026-06-09 17:48:46,0,506
699,2026-06-09 17:48:46,1,507
700,2026-06-09 17:48:46,0,507
701,2026-06-09 17:48:46,2,509
702,2026-06-09 17:48:46,2,511
703,2026-06-09 17:48:46,2,513
704,2026-06-09 17:48:47,0,513
705,2026-06-09 17:48:47,0,513
706,2026-06-09 17:48:47,2,515
707,2026-06-09 17:48:47,1,516
708,2026-06-09 17:48:47,1,517
709,2026-06-09 17:48:47,1,518
710,2026-06-09 17:48:47,1,519
711,2026-06-09 17:48:47,1,520
712,2026-06-09 17:48:47,2,522
713,2026-06-09 17:48:47,2,524
714,2026-06-09 17:48:48,2,526
715,2026-06-09 17:48:48,1,527
716,2026-06-09 17:48:48,2,529
717,2026-06-09 17:48:48,1,530
718,2026-06-09 17:48:48,2,532
719,2026-06-09 17:48:48,2,534
720,2026-06-09 17:48:48,-1,533
721,2026-06-09 17:48:48,0,533
722,2026-06-09 17:48:48,2,535
723,2026-06-09 17:48:49,1,536
724,2026-06-09 17:48:49,1,537
725,2026-06-09 17:48:49,1,538
726,2026-06-09 17:48:49,1,539
727,2026-06-09 17:48:49,1,540
728,2026-06-09 17:48:49,1,541
729,2026-06-09 17:48:49,2,543
730,2026-06-09 17:48:49,1,544
731,2026-06-09 17:48:49,1,545
732,2026-06-09 17:48:49,2,547
733,2026-06-09 17:48:50,1,548
734,2026-06-09 17:48:50,1,549
735,2026-06-09 17:48:50,2,551
736,2026-06-09 17:48:50,1,552
737,2026-06-09 17:48:50,0,552
738,2026-06-09 17:48:50,0,552
739,2026-06-09 17:48:50,2,554
740,2026-06-09 17:48:50,2,556
741,2026-06-09 17:48:50,3,559
742,2026-06-09 17:48:50,2,561
743,2026-06-09 17:48:51,0,561
744,2026-06-09 17:48:51,1,562
745,2026-06-09 17:48:51,0,562
746,2026-06-09 17:48:51,2,564
747,2026-06-09 17:48:51,0,564
748,2026-06-09 17:48:51,0,564
749,2026-06-09 17:48:51,0,564
750,2026-06-09 17:48:51,0,564
751,2026-06-09 17:48:51,0,564
752,2026-06-09 17:48:52,1,565
753,2026-06-09 17:48:52,0,565
754,2026-06-09 17:48:52,1,566
755,2026-06-09 17:48:52,-1,565
756,2026-06-09 17:48:52,0,565
757,2026-06-09 17:48:52,-1,564
758,2026-06-09 17:48:52,0,564
759,2026-06-09 17:48:52,1,565
760,2026-06-09 17:48:52,1,566
761,2026-06-09 17:48:52,0,566
762,2026-06-09 17:48:53,3,569
763,2026-06-09 17:48:53,0,569
764,2026-06-09 17:48:53,1,570
765,2026-06-09 17:48:53,0,570
766,2026-06-09 17:48:53,1,571
767,2026-06-09 17:48:53,1,572
768,2026-06-09 17:48:53,1,573
769,2026-06-09 17:48:53,0,573
770,2026-06-09 17:48:53,1,574
771,2026-06-09 17:48:53,0,574
772,2026-06-09 17:48:54,2,576
773,2026-06-09 17:48:54,0,576
774,2026-06-09 17:48:54,1,577
775,2026-06-09 17:48:54,2,579
776,2026-06-09 17:48:54,0,579
777,2026-06-09 17:48:54,1,580
778,2026-06-09 17:48:54,-1,579
779,2026-06-09 17:48:54,0,579
780,2026-06-09 17:48:54,2,581
781,2026-06-09 17:48:54,1,582
782,2026-06-09 17:48:55,3,585
783,2026-06-09 17:48:55,-1,584
784,2026-06-09 17:48:55,-1,583
785,2026-06-09 17:48:55,2,585
786,2026-06-09 17:48:55,2,587
787,2026-06-09 17:48:55,2,589
788,2026-06-09 17:48:55,-1,588
789,2026-06-09 17:48:55,2,590
790,2026-06-09 17:48:55,1,591
791,2026-06-09 17:48:55,1,592
792,2026-06-09 17:48:56,-1,591
793,2026-06-09 17:48:56,-1,590
794,2026-06-09 17:48:56,-20,570
795,2026-06-09 17:48:56,0,570
796,2026-06-09 17:48:56,1,571
797,2026-06-09 17:48:56,0,571
798,2026-06-09 17:48:56,1,572
799,2026-06-09 17:48:56,3,575
800,2026-06-09 17:48:56,0,575
801,2026-06-09 17:48:57,0,575
802,2026-06-09 17:48:57,3,578
803,2026-06-09 17:48:57,1,579
804,2026-06-09 17:48:57,0,579
805,2026-06-09 17:48:57,0,579
806,2026-06-09 17:48:57,0,579
807,2026-06-09 17:48:57,2,581
808,2026-06-09 17:48:57,2,583
809,2026-06-09 17:48:57,1,584
810,2026-06-09 17:48:57,2,586
811,2026-06-09 17:48:58,1,587
812,2026-06-09 17:48:58,1,588
813,2026-06-09 17:48:58,2,590
814,2026-06-09 17:48:58,-1,589
815,2026-06-09 17:48:58,2,591
816,2026-06-09 17:48:58,2,593
817,2026-06-09 17:48:58,1,594
818,2026-06-09 17:48:58,1,595
819,2026-06-09 17:48:58,2,597
820,2026-06-09 17:48:58,0,597
821,2026-06-09 17:48:59,1,598
822,2026-06-09 17:48:59,0,598
823,2026-06-09 17:48:59,2,600
824,2026-06-09 17:48:59,0,600
825,2026-06-09 17:48:59,1,601
826,2026-06-09 17:48:59,1,602
827,2026-06-09 17:48:59,3,605
828,2026-06-09 17:48:59,0,605
829,2026-06-09 17:48:59,1,606
830,2026-06-09 17:48:59,2,608
831,2026-06-09 17:49:00,0,608
832,2026-06-09 17:49:00,0,608
833,2026-06-09 17:49:00,0,608
834,2026-06-09 17:49:00,1,609
835,2026-06-09 17:49:00,0,609
836,2026-06-09 17:49:00,1,610
837,2026-06-09 17:49:00,3,613
838,2026-06-09 17:49:00,1,614
839,2026-06-09 17:49:00,1,615
840,2026-06-09 17:49:01,1,616
841,2026-06-09 17:49:01,0,616
842,2026-06-09 17:49:01,0,616
843,2026-06-09 17:49:01,1,617
844,2026-06-09 17:49:01,0,617
845,2026-06-09 17:49:01,1,618
846,2026-06-09 17:49:01,-1,617
847,2026-06-09 17:49:01,-1,616
848,2026-06-09 17:49:01,2,618
849,2026-06-09 17:49:01,2,620
850,2026-06-09 17:49:02,3,623
851,2026-06-09 17:49:02,3,626
852,2026-06-09 17:49:02,1,627
853,2026-06-09 17:49:02,1,628
854,2026-06-09 17:49:02,1,629
855,2026-06-09 17:49:02,-1,628
856,2026-06-09 17:49:02,2,630
857,2026-06-09 17:49:02,0,630
858,2026-06-09 17:49:02,-1,629
859,2026-06-09 17:49:02,0,629
860,2026-06-09 17:49:03,1,630
861,2026-06-09 17:49:03,1,631
862,2026-06-09 17:49:03,2,633
863,2026-06-09 17:49:03,1,634
864,2026-06-09 17:49:03,3,637
865,2026-06-09 17:49:03,1,638
866,2026-06-09 17:49:03,0,638
867,2026-06-09 17:49:03,-1,637
868,2026-06-09 17:49:03,2,639
869,2026-06-09 17:49:03,1,640
870,2026-06-09 17:49:04,2,642
871,2026-06-09 17:49:04,1,643
872,2026-06-09 17:49:04,2,645
873,2026-06-09 17:49:04,-1,644
874,2026-06-09 17:49:04,0,644
875,2026-06-09 17:49:04,2,646
876,2026-06-09 17:49:04,2,648
877,2026-06-09 17:49:04,3,651
878,2026-06-09 17:49:04,-1,650
879,2026-06-09 17:49:05,2,652
880,2026-06-09 17:49:05,1,653
881,2026-06-09 17:49:05,1,654
882,2026-06-09 17:49:05,0,654
883,2026-06-09 17:49:05,1,655
884,2026-06-09 17:49:05,2,657
885,2026-06-09 17:49:05,3,660
886,2026-06-09 17:49:05,1,661
887,2026-06-09 17:49:05,2,663
888,2026-06-09 17:49:05,0,663
889,2026-06-09 17:49:06,2,665
890,2026-06-09 17:49:06,-1,664
891,2026-06-09 17:49:06,1,665
892,2026-06-09 17:49:06,1,666
893,2026-06-09 17:49:06,-1,665
894,2026-06-09 17:49:06,0,665
895,2026-06-09 17:49:06,2,667
896,2026-06-09 17:49:06,2,669
897,2026-06-09 17:49:06,1,670
898,2026-06-09 17:49:06,0,670
899,2026-06-09 17:49:07,2,672
900,2026-06-09 17:49:07,1,673
901,2026-06-09 17:49:07,3,676
902,2026-06-09 17:49:07,0,676
903,2026-06-09 17:49:07,1,677
904,2026-06-09 17:49:07,2,679
905,2026-06-09 17:49:07,0,679
906,2026-06-09 17:49:07,0,679
907,2026-06-09 17:49:07,1,680
908,2026-06-09 17:49:07,1,681
909,2026-06-09 17:49:08,2,683
910,2026-06-09 17:49:08,-20,663
911,2026-06-09 17:49:08,0,663
912,2026-06-09 17:49:08,3,666
913,2026-06-09 17:49:08,0,666
914,2026-06-09 17:49:08,-1,665
915,2026-06-09 17:49:08,0,665
916,2026-06-09 17:49:08,2,667
917,2026-06-09 17:49:08,-1,666
918,2026-06-09 17:49:08,2,668
919,2026-06-09 17:49:09,1,669
920,2026-06-09 17:49:09,0,669
921,2026-06-09 17:49:09,-1,668
922,2026-06-09 17:49:09,1,669
923,2026-06-09 17:49:09,1,670
924,2026-06-09 17:49:09,0,670
925,2026-06-09 17:49:09,1,671
926,2026-06-09 17:49:09,0,671
927,2026-06-09 17:49:09,2,673
928,2026-06-09 17:49:09,0,673
929,2026-06-09 17:49:10,2,675
930,2026-06-09 17:49:10,2,677
931,2026-06-09 17:49:10,0,677
932,2026-06-09 17:49:10,-1,676
933,2026-06-09 17:49:10,0,676
934,2026-06-09 17:49:10,2,678
935,2026-06-09 17:49:10,1,679
936,2026-06-09 17:49:10,-1,678
937,2026-06-09 17:49:10,0,678
938,2026-06-09 17:49:10,-1,677
939,2026-06-09 17:49:11,-1,676
940,2026-06-09 17:49:11,2,678
941,2026-06-09 17:49:11,1,679
942,2026-06-09 17:49:11,1,680
943,2026-06-09 17:49:11,1,681
944,2026-06-09 17:49:11,1,682
945,2026-06-09 17:49:11,1,683
946,2026-06-09 17:49:11,0,683
947,2026-06-09 17:49:11,-20,663
948,2026-06-09 17:49:11,1,664
949,2026-06-09 17:49:12,3,667
950,2026-06-09 17:49:12,1,668
951,2026-06-09 17:49:12,2,670
952,2026-06-09 17:49:12,0,670
953,2026-06-09 17:49:12,-1,669
954,2026-06-09 17:49:12,-20,649
955,2026-06-09 17:49:12,2,651
956,2026-06-09 17:49:12,0,651
957,2026-06-09 17:49:12,0,651
958,2026-06-09 17:49:12,0,651
959,2026-06-09 17:49:13,1,652
960,2026-06-09 17:49:13,1,653
961,2026-06-09 17:49:13,1,654
962,2026-06-09 17:49:13,2,656
963,2026-06-09 17:49:13,3,659
964,2026-06-09 17:49:13,2,661
965,2026-06-09 17:49:13,1,662
966,2026-06-09 17:49:13,-20,642
967,2026-06-09 17:49:13,3,645
968,2026-06-09 17:49:14,1,646
969,2026-06-09 17:49:14,0,646
970,2026-06-09 17:49:14,2,648
971,2026-06-09 17:49:14,1,649
972,2026-06-09 17:49:14,3,652
973,2026-06-09 17:49:14,1,653
974,2026-06-09 17:49:14,1,654
975,2026-06-09 17:49:14,1,655
976,2026-06-09 17:49:14,1,656
977,2026-06-09 17:49:14,1,657
978,2026-06-09 17:49:15,2,659
979,2026-06-09 17:49:15,0,659
980,2026-06-09 17:49:15,-1,658
981,2026-06-09 17:49:15,1,659
982,2026-06-09 17:49:15,-1,658
983,2026-06-09 17:49:15,0,658
984,2026-06-09 17:49:15,2,660
985,2026-06-09 17:49:15,2,662
986,2026-06-09 17:49:15,1,663
987,2026-06-09 17:49:15,0,663
988,2026-06-09 17:49:16,1,664
989,2026-06-09 17:49:16,1,665
990,2026-06-09 17:49:16,1,666
991,2026-06-09 17:49:16,1,667
992,2026-06-09 17:49:16,1,668
993,2026-06-09 17:49:16,1,669
994,2026-06-09 17:49:16,2,671
995,2026-06-09 17:49:16,1,672
996,2026-06-09 17:49:16,2,674
997,2026-06-09 17:49:16,-1,673
998,2026-06-09 17:49:17,3,676
999,2026-06-09 17:49:17,2,678
1000,2026-06-09 17:49:17,2,680
1001,2026-06-09 17:49:17,1,681
1002,2026-06-09 17:49:17,1,682
1003,2026-06-09 17:49:17,2,684
1004,2026-06-09 17:49:17,2,686
1005,2026-06-09 17:49:17,2,688
1006,2026-06-09 17:49:17,0,688
1007,2026-06-09 17:49:17,1,689
1008,2026-06-09 17:49:18,2,691
1009,2026-06-09 17:49:18,0,691
1010,2026-06-09 17:49:18,2,693
1011,2026-06-09 17:49:18,-1,692
1012,2026-06-09 17:49:18,3,695
1013,2026-06-09 17:49:18,0,695
1014,2026-06-09 17:49:18,2,697
1015,2026-06-09 17:49:18,2,699
1016,2026-06-09 17:49:18,-1,698
1017,2026-06-09 17:49:18,1,699
1018,2026-06-09 17:49:19,1,700
1019,2026-06-09 17:49:19,1,701
1020,2026-06-09 17:49:19,2,703
1021,2026-06-09 17:49:19,3,706
1022,2026-06-09 17:49:19,0,706
1023,2026-06-09 17:49:19,2,708
1024,2026-06-09 17:49:19,0,708
1025,2026-06-09 17:49:19,1,709
1026,2026-06-09 17:49:19,0,709
1027,2026-06-09 17:49:20,1,710
1028,2026-06-09 17:49:20,2,712
1029,2026-06-09 17:49:20,2,714
1030,2026-06-09 17:49:20,2,716
1031,2026-06-09 17:49:20,-1,715
1032,2026-06-09 17:49:20,3,718
1033,2026-06-09 17:49:20,0,718
1034,2026-06-09 17:49:20,0,718
1035,2026-06-09 17:49:20,2,720
1036,2026-06-09 17:49:20,1,721
1037,2026-06-09 17:49:21,2,723
1038,2026-06-09 17:49:21,0,723
1039,2026-06-09 17:49:21,1,724
1040,2026-06-09 17:49:21,2,726
1041,2026-06-09 17:49:21,1,727
1042,2026-06-09 17:49:21,0,727
1043,2026-06-09 17:49:21,0,727
1044,2026-06-09 17:49:21,2,729
1045,2026-06-09 17:49:21,1,730
1046,2026-06-09 17:49:21,1,731
1047,2026-06-09 17:49:22,1,732
1048,2026-06-09 17:49:22,-1,731
1049,2026-06-09 17:49:22,2,733
1050,2026-06-09 17:49:22,3,736
1051,2026-06-09 17:49:22,2,738
1052,2026-06-09 17:49:22,2,740
1053,2026-06-09 17:49:22,0,740
1054,2026-06-09 17:49:22,0,740
1055,2026-06-09 17:49:22,2,742
1056,2026-06-09 17:49:22,1,743
1057,2026-06-09 17:49:23,3,746
1058,2026-06-09 17:49:23,1,747
1059,2026-06-09 17:49:23,2,749
1060,2026-06-09 17:49:23,0,749
1061,2026-06-09 17:49:23,1,750
